book_name,kindle_price,pin_price,jin_price
,,,
无人生还 (午夜文库),?.00,?5.54,Nothing
,,,
白夜??9.34,?9.00,?1.80,
,,,
社会心理学精品译丛套装（?册）（清华大学社会科学学院院长彭凯平教授主编，一部透视人性、人情、人欲、人世的名著精品??11.10,Nothing,Nothing,
,,,
福尔摩斯探案全集(套装?1?,?.97,Nothing,?06.80
,,,
原则（完整图文版??9.99,Nothing,?1.10,
,,,
荷尔蒙战争：颠覆性别认知、重塑人生自信的科普经典！继《果壳中的宇宙》《万物简史》之后，斩获?0届英国皇家学会科学图书奖,?9.99,Nothing,?0.60
,,,
东野圭吾：解忧杂货店（不是推理小说，却更扣人心弦，获?届中央公论文艺奖，中文版销量突?000万册！）,?7.99,Nothing,?7.10
,,,
半小时漫画中国史2（《半小时漫画中国?》“混子曰”创始人陈磊继《半小时漫画中国史》后推出的全新力作）,?5.99,?6.33,Nothing
,,,
半小时漫画中国史3（“混子曰”创始人陈磊全新力作，看半小时漫画，通三千年历史，用漫画解读历史，开启读史新潮流??9.99,?6.33,Nothing,
,,,
百年孤独,?5.99,Nothing,?0.20
,,,
追风筝的??.99,?9.00,Nothing,
,,,
中国通史（慢读系列，国史经典插图版）【公认中国通史类口碑读本??.00,?9.40,Nothing,
,,,
全球通史（上下）??.10,?4.20,?7.60,
,,,
富爸爸穷爸爸 (全球最佳财商教育系?,?.00,?8.00,Nothing
,,,
失踪的总统?018年世界出版大事件，美国前总统克林顿长篇政治悬疑小说，揭秘最高白宫权力层幕后不为人知的故事）,?.50,?3.69,Nothing
